{"nodes":{"node:1":{"location":{"x":0,"y":0}},"node:3":{"location":{"x":-76,"y":129}},"node:6":{"location":{"x":-156,"y":234}}},"selection":null,"view":{"scroll":{"x":-349.006011962890625,"y":-67.1098480224609375},"visible_rect":{"max":{"x":653.9940185546875,"y":429.89013671875},"min":{"x":-349.006011962890625,"y":-67.1098480224609375}},"zoom":1}}