{"nodes":{"node:1":{"location":{"x":0,"y":0}},"node:3":{"location":{"x":195,"y":144}}},"selection":null,"view":{"scroll":{"x":-298.18798828125,"y":-88.5778732299804688},"visible_rect":{"max":{"x":717.38934326171875,"y":580.39495849609375},"min":{"x":-442.148773193359375,"y":-131.341964721679688}},"zoom":0.674406468868255615}}