{"nodes":{"node:1":{"location":{"x":52,"y":-114}},"node:10":{"location":{"x":213,"y":31}},"node:13":{"location":{"x":404,"y":138}},"node:15":{"location":{"x":-108,"y":298}},"node:5":{"location":{"x":116,"y":314}},"node:7":{"location":{"x":20,"y":154}}},"selection":["node:5"],"view":{"scroll":{"x":-189.6546630859375,"y":-93.846832275390625},"visible_rect":{"max":{"x":548.690673828125,"y":810.30633544921875},"min":{"x":-379.309326171875,"y":-187.69366455078125}},"zoom":0.5}}