{"nodes":{"node:1":{"location":{"x":0,"y":0}},"node:13":{"location":{"x":238,"y":277}},"node:16":{"location":{"x":-85,"y":292}},"node:3":{"location":{"x":115,"y":175}},"node:6":{"location":{"x":238,"y":277}},"node:8":{"location":{"x":-85,"y":292}}},"selection":null,"view":{"scroll":{"x":-415.361572265625,"y":-43.7787017822265625},"visible_rect":{"max":{"x":587.638427734375,"y":453.2213134765625},"min":{"x":-415.361572265625,"y":-43.7787017822265625}},"zoom":1}}