{"nodes":{"node:1":{"location":{"x":0,"y":0}},"node:10":{"location":{"x":-85,"y":292}},"node:3":{"location":{"x":0,"y":0}},"node:5":{"location":{"x":115,"y":175}},"node:8":{"location":{"x":238,"y":277}}},"selection":null,"view":{"scroll":{"x":-377.617218017578125,"y":-125.829345703125},"visible_rect":{"max":{"x":945.34625244140625,"y":459.792938232421875},"min":{"x":-570.81683349609375,"y":-190.207183837890625}},"zoom":0.661538362503051758}}