{"nodes":{"node:1":{"location":{"x":0,"y":0}},"node:10":{"location":{"x":-85,"y":292}},"node:3":{"location":{"x":0,"y":0}},"node:5":{"location":{"x":115,"y":175}},"node:8":{"location":{"x":238,"y":277}}},"selection":null,"view":{"scroll":{"x":-297.73529052734375,"y":-190.207122802734375},"visible_rect":{"max":{"x":672.26470947265625,"y":459.792877197265625},"min":{"x":-297.73529052734375,"y":-190.207122802734375}},"zoom":1}}