{"nodes":{"node:1":{"location":{"x":0,"y":0}},"node:3":{"location":{"x":115,"y":175}},"node:6":{"location":{"x":238,"y":277}},"node:8":{"location":{"x":-85,"y":292}}},"selection":null,"view":{"scroll":{"x":-272.603240966796875,"y":-108.80963134765625},"visible_rect":{"max":{"x":719.1956787109375,"y":561.587158203125},"min":{"x":-363.47100830078125,"y":-145.079513549804688}},"zoom":0.75}}