{"nodes":{"node:1":{"location":{"x":0,"y":0}},"node:3":{"location":{"x":-76,"y":129}},"node:6":{"location":{"x":-156,"y":234}}},"selection":null,"view":{"scroll":{"x":-601.0400390625,"y":-175.684585571289062},"visible_rect":{"max":{"x":435.508148193359375,"y":348.132904052734375},"min":{"x":-651.2037353515625,"y":-190.347488403320312}},"zoom":0.922967672348022461}}