{"nodes":{"node:1":{"location":{"x":0,"y":0}},"node:10":{"location":{"x":4,"y":378}},"node:12":{"location":{"x":-118,"y":240}},"node:20":{"location":{"x":-252,"y":378}},"node:3":{"location":{"x":4,"y":110}},"node:6":{"location":{"x":211,"y":236}}},"selection":null,"view":{"scroll":{"x":-234.69781494140625,"y":-32.6932907104492188},"visible_rect":{"max":{"x":327.458343505859375,"y":723.37689208984375},"min":{"x":-310.76861572265625,"y":-43.2899169921875}},"zoom":0.755217254161834717}}