{"nodes":{"node:1":{"location":{"x":52,"y":-114}},"node:10":{"location":{"x":213,"y":31}},"node:13":{"location":{"x":404,"y":138}},"node:3":{"location":{"x":-92,"y":266}},"node:5":{"location":{"x":116,"y":314}},"node:7":{"location":{"x":20,"y":154}}},"selection":null,"view":{"scroll":{"x":-475.069610595703125,"y":-268.825927734375},"visible_rect":{"max":{"x":835.930419921875,"y":602.174072265625},"min":{"x":-475.069610595703125,"y":-268.825927734375}},"zoom":1}}