{"nodes":{"node:1":{"location":{"x":0,"y":0}},"node:3":{"location":{"x":64,"y":195}},"node:6":{"location":{"x":68,"y":314}}},"selection":["node:6"],"view":{"scroll":{"x":-427.807403564453125,"y":-141.909149169921875},"visible_rect":{"max":{"x":671.19158935546875,"y":580.3948974609375},"min":{"x":-395.95098876953125,"y":-131.341964721679688}},"zoom":1.08045542240142822}}